rule_id,class,coverage_validation,coverage_rate_validation,benign_covered_validation,attack_covered_validation,correct_validation,errors_validation,precision_validation,coverage_test,coverage_rate_test,benign_covered_test,attack_covered_test,correct_test,errors_test,precision_test
0,0,227,1.0,182,45,182,45,0.801762114537445,5000,1.0,4015,985,4015,985,0.803
1,1,226,0.9955947136563876,181,45,45,181,0.19911504424778761,4982,0.9964,3997,985,985,3997,0.19771176234444
2,0,227,1.0,182,45,182,45,0.801762114537445,5000,1.0,4015,985,4015,985,0.803
3,1,227,1.0,182,45,45,182,0.19823788546255505,4988,0.9976,4006,982,982,4006,0.19687249398556536
4,0,227,1.0,182,45,182,45,0.801762114537445,5000,1.0,4015,985,4015,985,0.803
5,1,212,0.933920704845815,178,34,34,178,0.16037735849056603,4660,0.932,3847,813,813,3847,0.17446351931330473
6,0,227,1.0,182,45,182,45,0.801762114537445,5000,1.0,4015,985,4015,985,0.803
7,1,218,0.960352422907489,179,39,39,179,0.17889908256880735,4769,0.9538,3923,846,846,3923,0.17739568043615014
8,0,227,1.0,182,45,182,45,0.801762114537445,5000,1.0,4015,985,4015,985,0.803
9,1,227,1.0,182,45,45,182,0.19823788546255505,4947,0.9894,4010,937,937,4010,0.18940772185162724
10,0,227,1.0,182,45,182,45,0.801762114537445,5000,1.0,4015,985,4015,985,0.803
11,1,225,0.9911894273127754,182,43,43,182,0.19111111111111112,4961,0.9922,3982,979,979,3982,0.1973392461197339
12,0,227,1.0,182,45,182,45,0.801762114537445,5000,1.0,4015,985,4015,985,0.803
13,1,227,1.0,182,45,45,182,0.19823788546255505,5000,1.0,4015,985,985,4015,0.197
14,0,227,1.0,182,45,182,45,0.801762114537445,5000,1.0,4015,985,4015,985,0.803
15,1,171,0.7533039647577092,141,30,30,141,0.17543859649122806,3914,0.7828,3254,660,660,3254,0.16862544711292796
16,0,227,1.0,182,45,182,45,0.801762114537445,4999,0.9998,4014,985,4014,985,0.8029605921184236
17,1,222,0.9779735682819384,180,42,42,180,0.1891891891891892,4884,0.9768,3922,962,962,3922,0.19696969696969696
18,0,227,1.0,182,45,182,45,0.801762114537445,5000,1.0,4015,985,4015,985,0.803
19,1,227,1.0,182,45,45,182,0.19823788546255505,5000,1.0,4015,985,985,4015,0.197
20,0,227,1.0,182,45,182,45,0.801762114537445,5000,1.0,4015,985,4015,985,0.803
21,1,227,1.0,182,45,45,182,0.19823788546255505,5000,1.0,4015,985,985,4015,0.197
22,0,227,1.0,182,45,182,45,0.801762114537445,5000,1.0,4015,985,4015,985,0.803
23,1,221,0.973568281938326,180,41,41,180,0.18552036199095023,4896,0.9792,3942,954,954,3942,0.1948529411764706
24,0,227,1.0,182,45,182,45,0.801762114537445,5000,1.0,4015,985,4015,985,0.803
25,1,226,0.9955947136563876,181,45,45,181,0.19911504424778761,4933,0.9866,3949,984,984,3949,0.19947293736063249
26,0,227,1.0,182,45,182,45,0.801762114537445,5000,1.0,4015,985,4015,985,0.803
27,1,227,1.0,182,45,45,182,0.19823788546255505,5000,1.0,4015,985,985,4015,0.197
28,0,227,1.0,182,45,182,45,0.801762114537445,5000,1.0,4015,985,4015,985,0.803
29,1,227,1.0,182,45,45,182,0.19823788546255505,4999,0.9998,4015,984,984,4015,0.19683936787357473
30,0,227,1.0,182,45,182,45,0.801762114537445,5000,1.0,4015,985,4015,985,0.803
31,1,227,1.0,182,45,45,182,0.19823788546255505,4997,0.9994,4012,985,985,4012,0.19711827096257756
32,0,227,1.0,182,45,182,45,0.801762114537445,5000,1.0,4015,985,4015,985,0.803
33,1,227,1.0,182,45,45,182,0.19823788546255505,5000,1.0,4015,985,985,4015,0.197
34,0,227,1.0,182,45,182,45,0.801762114537445,5000,1.0,4015,985,4015,985,0.803
35,1,227,1.0,182,45,45,182,0.19823788546255505,5000,1.0,4015,985,985,4015,0.197
36,0,227,1.0,182,45,182,45,0.801762114537445,5000,1.0,4015,985,4015,985,0.803
37,1,227,1.0,182,45,45,182,0.19823788546255505,4991,0.9982,4006,985,985,4006,0.19735523943097574
38,0,227,1.0,182,45,182,45,0.801762114537445,5000,1.0,4015,985,4015,985,0.803
39,1,226,0.9955947136563876,181,45,45,181,0.19911504424778761,4968,0.9936,3983,985,985,3983,0.19826892109500804
40,0,211,0.9295154185022027,179,32,179,32,0.8483412322274881,4650,0.93,3966,684,3966,684,0.8529032258064516
41,1,169,0.7444933920704846,140,29,29,140,0.17159763313609466,3706,0.7412,3121,585,585,3121,0.15785213167835943
